datetime,open,high,low,close
2022-10-20,19123.98047,19338.82031,18932.50977,19140.41992
2022-10-19,19328.76953,19355.85938,19095.16992,19125.91992
2022-10-18,19548.80078,19700.66992,19100.63086,19328.76953
2022-10-17,19265.13086,19669.16016,19156.92969,19548.80078
2022-10-16,19070.32031,19419.60938,19067.78906,19261.26953
2022-10-15,19185.81055,19220.66016,18997.55078,19067.91016
2022-10-14,19380.17969,19939.43945,19087.4707,19185.81055
2022-10-13,19155.58008,19494.75,18212.96094,19381.92969
2022-10-12,19052.33008,19224.75,18987.23047,19155.58008
2022-10-11,19136.06055,19260.4707,18862.21094,19052.33008
2022-10-10,19446.2793,19522.75,19053.56055,19136.06055
2022-10-09,19418.80078,19560.85938,19323.16992,19445.89062
2022-10-08,19538.08008,19612.99023,19273.0293,19419.32031
2022-10-07,19958.92969,20055.51953,19335.61914,19530.57031
2022-10-06,20161.08984,20448.75977,19864.91016,19968.53906
2022-10-05,20345.13086,20368.25,19756.80078,20161.08984
2022-10-04,19627.16992,20455.25,19509.50977,20345.13086
2022-10-03,19059.26953,19675.16016,18988.0,19637.34961
2022-10-02,19313.93945,19397.25977,18926.42969,19059.26953
2022-10-01,19421.73047,19481.33984,19195.7207,19313.93945
2022-09-30,19596.36914,20177.44922,19196.57031,19423.25977
2022-09-29,19411.30078,19639.35938,18867.84961,19588.58984
2022-09-28,19079.5293,19768.33984,18496.58008,19414.03906
2022-09-27,19225.46094,20365.60938,18836.91016,19079.5293
2022-09-26,18802.80078,19308.44922,18695.23047,19224.41992
2022-09-25,18927.17969,19167.94922,18638.49023,18804.84961
2022-09-24,19289.73047,19309.11914,18811.46094,18926.36914
2022-09-23,19405.44922,19484.58008,18541.2207,19293.44922
2022-09-22,18486.90039,19499.81055,18363.66992,19402.83008
2022-09-21,18874.34961,19828.89062,18190.28906,18490.96094
2022-09-20,19538.65039,19634.38086,18741.83008,18876.09961
2022-09-19,19418.36914,19683.08008,18281.08008,19536.41992
2022-09-18,20115.25977,20120.53906,19344.63086,19418.36914
2022-09-17,19798.32031,20178.17969,19757.53906,20121.94922
2022-09-16,19699.86914,19885.58008,19346.66992,19802.53906
2022-09-15,20224.93945,20330.67969,19530.59961,19699.86914
2022-09-14,20174.42969,20512.91016,19636.38086,20227.49023
2022-09-13,22394.00977,22754.34961,19910.83984,20174.42969
2022-09-12,21828.89062,22481.39062,21575.94922,22395.00977
2022-09-11,21656.05078,21851.83008,21372.94922,21851.83008
2022-09-10,21370.01953,21804.44922,21154.43945,21656.05078
2022-09-09,19318.25977,21569.98047,19298.01953,21370.01953
2022-09-08,19281.08984,19446.49023,19033.64062,19323.33984
2022-09-07,18787.61914,19459.91016,18564.82031,19280.13086
2022-09-06,19793.48047,20175.10938,18674.09961,18786.13086
2022-09-05,20003.24023,20047.65039,19645.57031,19793.48047
2022-09-04,19836.46094,20020.46094,19595.33008,20005.86914
2022-09-03,19955.99023,20046.19922,19663.18945,19835.46094
2022-09-02,20127.32031,20440.49023,19764.25977,19955.25
2022-09-01,20052.74023,20201.17969,19580.23047,20123.44922
2022-08-31,19799.34961,20454.81055,19794.57031,20049.43945
2022-08-30,20295.17969,20558.46094,19553.07031,19802.89062
2022-08-29,19548.94922,20401.18945,19548.08984,20294.26953
2022-08-28,20033.63086,20151.59961,19525.56055,19541.75
2022-08-27,20253.85938,20360.86914,19852.4707,20033.63086
2022-08-26,21566.81055,21861.68945,20121.32031,20255.16992
2022-08-25,21366.51953,21803.57031,21317.24023,21565.08008
2022-08-24,21527.88086,21888.08008,21160.66992,21364.57031
2022-08-23,21414.24023,21666.09961,20899.33008,21518.89062
2022-08-22,21510.36914,21520.24023,20895.43945,21414.24023
2022-08-21,21138.86914,21716.14062,21073.01953,21510.36914
2022-08-20,20832.19922,21356.15039,20773.83984,21139.5293
2022-08-19,23198.08008,23204.96094,20813.7793,20835.89062
2022-08-18,23339.58984,23580.82031,23116.05078,23198.08008
2022-08-17,23857.33008,24430.07031,23184.40039,23340.06055
2022-08-16,24103.16992,24247.46094,23692.03906,23867.7207
2022-08-15,24316.25,25210.88086,23798.65039,24092.81055
2022-08-14,24455.18945,25034.2207,24160.41992,24312.42969
2022-08-13,24408.51953,24889.55078,24312.2793,24460.61914
2022-08-12,23947.84961,24456.71094,23623.84961,24408.51953
2022-08-11,23958.68945,24883.26953,23872.08984,23947.84961
2022-08-10,23154.08008,24212.4707,22690.33984,23962.14062
2022-08-09,23830.10938,23918.96094,22909.66992,23152.31055
2022-08-08,23180.48047,24247.50977,23168.05078,23830.10938
2022-08-07,22945.68945,23384.11914,22857.0,23180.48047
2022-08-06,23296.61914,23349.4707,22925.93945,22945.68945
2022-08-05,22615.44922,23463.16992,22597.14062,23296.61914
2022-08-04,22844.83008,23219.41016,22446.33008,22606.09961
2022-08-03,22995.08984,23612.99023,22720.0,22834.55078
2022-08-02,23290.09961,23444.75,22666.83008,22995.08984
2022-08-01,23316.81055,23494.96094,22867.5293,23290.09961
2022-07-31,23644.66992,24181.26953,23244.83984,23318.98047
2022-07-30,23785.18945,24605.16016,23520.09961,23644.66992
2022-07-29,23865.08008,24352.99023,23447.36914,23786.53906
2022-07-28,22958.38086,24202.4707,22615.01953,23861.25977
2022-07-27,21273.75977,23032.69922,21048.41016,22964.61914
2022-07-26,21312.69922,21330.35938,20730.16992,21273.75977
2022-07-25,22586.41016,22659.34961,21256.0,21312.69922
2022-07-24,22458.16992,23009.09961,22275.00977,22586.41016
2022-07-23,22681.28906,23000.26953,21952.06055,22458.16992
2022-07-22,23155.03906,23753.34961,22515.49023,22681.00977
2022-07-21,23216.05078,23414.4707,22352.94922,23140.7793
2022-07-20,23414.7207,24276.66016,22950.50977,23216.05078
2022-07-19,22488.75,23782.93945,21589.51953,23414.7207
2022-07-18,20778.81055,22762.11914,20766.80078,22519.26953
2022-07-17,21203.81055,21644.25,20752.96094,20778.81055
2022-07-16,20820.58008,21568.48047,20484.16016,21205.82031
2022-07-15,20574.55078,21184.33984,20375.50977,20820.58008
2022-07-14,20233.23047,20847.64062,19632.64062,20574.55078
2022-07-13,19316.28906,20246.46094,18921.61914,20233.23047
2022-07-12,19948.65039,20030.94922,19239.36914,19311.19922
2022-07-11,20831.69922,20835.59961,19886.18945,19947.5
2022-07-10,21578.91016,21590.68945,20675.43945,20835.59961
2022-07-09,21597.32031,21941.57031,21333.32031,21580.05078
2022-07-08,21632.99023,22478.36914,21189.58984,21597.32031
2022-07-07,20537.63086,21842.24023,20264.46094,21633.11914
2022-07-06,20184.34961,20640.78906,19764.32031,20537.63086
2022-07-05,20196.25,20702.0293,19278.50977,20184.34961
2022-07-04,19292.55078,20279.93945,19035.40039,20196.25
2022-07-03,19220.17969,19596.09961,18797.33984,19292.55078
2022-07-02,19252.71094,19390.69922,18977.82031,19220.17969
2022-07-01,19950.53906,20752.73047,18980.05078,19248.2207
2022-06-30,20083.90039,20133.34961,18650.0,19941.41016
2022-06-29,20261.40039,20402.81055,19874.10938,20083.90039
2022-06-28,20701.24023,21189.49023,20184.25977,20261.40039
2022-06-27,21031.05078,21493.34961,20526.82031,20701.24023
2022-06-26,21479.60938,21841.08984,20982.23047,21031.05078
2022-06-25,21205.08984,21557.73047,20900.03906,21479.60938
2022-06-24,21108.13086,21510.03906,20732.2793,21205.08984
2022-06-23,19960.91016,21174.19922,19881.33984,21108.13086
2022-06-22,20695.73047,20862.76953,19763.33984,19953.93945
2022-06-21,20550.2207,21688.42969,20349.34961,20700.0
2022-06-20,20565.21094,20981.42969,19620.85938,20551.82031
2022-06-19,18952.82031,20775.36914,17937.31055,20557.34961
2022-06-18,20444.57031,20740.5293,17598.05078,18968.36914
2022-06-17,20368.7793,21306.83008,20220.01953,20434.93945
2022-06-16,22560.43945,22921.39062,20207.41992,20368.7793
2022-06-15,22145.7207,22728.73047,20096.93945,22560.43945
2022-06-14,22430.89062,23250.0,20831.32031,22135.7207
2022-06-13,26592.7793,26835.16992,22005.0,22425.75
2022-06-12,28383.78906,28510.0,26582.10938,26592.7793
2022-06-11,29059.65039,29406.15039,28086.09961,28380.13086
2022-06-10,30069.5293,30320.85938,28847.13086,29059.65039
2022-06-09,30187.23047,30663.16016,29919.35938,30072.61914
2022-06-08,31108.71094,31296.44922,29849.08984,30184.18945
2022-06-07,31360.58008,31544.31055,29210.51953,31105.30078
2022-06-06,29899.25977,31738.01953,29867.56055,31348.33984
2022-06-05,29845.69922,30138.15039,29512.94922,29906.40039
2022-06-04,29677.41992,29940.99023,29463.07031,29841.16016
2022-06-03,30431.80078,30659.61914,29277.7207,29677.41992
2022-06-02,29784.76953,30653.94922,29592.26953,30431.11914
2022-06-01,31780.66992,31961.91016,29363.00977,29784.76953
2022-05-31,31715.58984,32371.0,31201.82031,31780.66992
2022-05-30,29449.33008,32161.0293,29284.61914,31720.41992
2022-05-29,29005.81055,29550.0,28817.63086,29449.33008
2022-05-28,28574.48047,29221.80078,28500.00977,29005.81055
2022-05-27,29139.23047,29351.89062,28250.80078,28580.33984
2022-05-26,29516.96094,29845.41016,28000.0,29186.7793
2022-05-25,29628.36914,30175.0293,29322.14062,29520.67969
2022-05-24,29067.81055,29793.84961,28660.09961,29628.36914
2022-05-23,30260.83984,30623.46094,28876.44922,29067.81055
2022-05-22,29407.89062,30425.0,29229.28906,30260.83984
2022-05-21,29158.08008,29600.06055,28955.7793,29406.93945
2022-05-20,30269.75,30699.81055,28705.55078,29158.08008
2022-05-19,28663.74023,30499.33984,28654.23047,30269.75
2022-05-18,30415.5,30662.66016,28609.48047,28663.74023
2022-05-17,29829.5,30700.38086,29446.43945,30415.5
2022-05-16,31268.82031,31298.64062,29072.76953,29797.30078
2022-05-15,30035.81055,31370.25977,29461.41992,31282.78906
2022-05-14,29232.9707,30258.0293,28601.55078,30044.16992
2022-05-13,28956.56055,30951.16992,28685.58984,29234.92969
2022-05-12,28901.90039,30069.94922,25409.48047,28956.56055
2022-05-11,31001.89062,32101.5,27714.11914,28917.38086
2022-05-10,30091.7207,32631.58984,29786.88086,31004.0
2022-05-09,34049.35156,34214.23828,30091.7207,30091.7207
2022-05-08,35463.03125,35495.92188,33747.12109,34035.10938
2022-05-07,36006.78125,36118.89844,34836.37891,35461.07031
2022-05-06,36549.71875,36646.25,35300.66016,35997.58984
2022-05-05,39672.83984,39811.91016,36186.82031,36549.71875
2022-05-04,37719.58984,39972.55078,37657.62891,39680.14844
2022-05-03,38496.57812,38639.21875,37507.92188,37719.73828
2022-05-02,38465.39062,39113.69922,38049.51172,38506.80078
2022-05-01,37662.46875,38663.58984,37403.57812,38465.39062
2022-04-30,38576.30859,38773.51953,37603.48047,37662.46875
2022-04-29,39747.67188,39926.28125,38180.07812,38575.37109
2022-04-28,39243.55859,40372.73047,38895.17969,39755.82812
2022-04-27,38124.67188,39470.0,37910.37891,39248.03125
2022-04-26,40454.80078,40782.07031,37748.76953,38124.67188
2022-04-25,39464.55859,40592.33984,38217.0,40439.44922
2022-04-24,39446.46094,39926.05859,39000.0,39474.82812
2022-04-23,39716.76953,39985.73828,39301.23828,39440.80078
2022-04-22,40488.01953,40794.42969,39194.58984,39716.76953
2022-04-21,41392.44141,42965.78125,39794.08984,40483.98047
2022-04-20,41497.96875,42209.57031,40910.0,41370.89844
2022-04-19,40793.87109,41733.66016,40580.23047,41505.98828
2022-04-18,39707.76172,41091.03125,38577.69922,40804.44141
2022-04-17,40380.23828,40590.55078,39564.0,39707.76172
2022-04-16,40576.87891,40687.83984,40022.19141,40379.19922
2022-04-15,39943.92969,40800.26172,39777.26172,40562.53906
2022-04-14,41146.67969,41504.85156,39590.37109,39942.60156
2022-04-13,40076.46875,41517.85156,39579.51953,41128.62109
2022-04-12,39512.80859,40665.25,39266.92188,40087.94922
2022-04-11,42159.35938,42421.30859,39300.35938,39501.82031
2022-04-10,42771.55859,43420.64844,41919.44141,42222.55859
2022-04-09,42262.01953,42814.42188,42124.80078,42806.46875
2022-04-08,43452.17969,43986.73047,42117.01953,42260.57031
2022-04-07,43165.14844,43892.66016,42760.55859,43469.46094
2022-04-06,45516.76172,45516.76172,43126.03125,43173.96094
2022-04-05,46613.35938,47193.80859,45383.82031,45491.60938
2022-04-04,46415.01953,46891.98828,45140.28906,46622.48828
2022-04-03,45812.14062,47439.01953,45561.12891,46411.10156
2022-04-02,46307.39844,47165.53906,45650.87891,45812.14062
2022-04-01,45528.14844,46709.78906,44245.0,46307.39844
2022-03-31,47077.17969,47609.39844,45236.37891,45508.87109
2022-03-30,47460.33984,47715.64062,46618.48828,47077.17969
2022-03-29,47190.78125,48117.87891,46991.89062,47445.96875
2022-03-28,46868.57031,48210.10938,46673.83984,47118.23828
2022-03-27,44548.16016,46936.73047,44450.98047,46869.28906
2022-03-26,44332.26172,44813.17969,44110.32031,44553.94922
2022-03-25,44008.92188,45110.01172,43633.30859,44332.26172
2022-03-24,42901.32812,44239.62891,42688.44141,44008.92188
2022-03-23,42376.87891,43000.42188,41808.21875,42914.35156
2022-03-22,41016.51172,43309.62891,40897.32031,42376.87891
2022-03-21,41283.80078,41551.39844,40517.48047,41072.80859
2022-03-20,42234.17969,42320.10156,40945.32031,41281.94922
2022-03-19,41785.48828,42385.67188,41543.89062,42234.17969
2022-03-18,40947.73828,42340.80859,40227.66016,41769.76953
2022-03-17,41129.05859,41445.23047,40589.76172,40946.44141
2022-03-16,39294.23047,41709.05078,38950.89062,41128.89062
2022-03-15,39669.60156,39859.28906,38195.05859,39308.14062
2022-03-14,37829.67969,39898.25,37597.10156,39669.60156
2022-03-13,38818.42969,39297.26172,37607.35156,37829.67969
2022-03-12,38747.12109,39359.76172,38676.92969,38730.48828
2022-03-11,39442.46094,40163.96094,38256.19922,38747.12109
2022-03-10,41929.57031,42038.94922,38652.25,39442.46094
2022-03-09,38757.26953,42577.05859,38670.01172,41929.57031
2022-03-08,38048.26172,39369.82812,37901.32812,38757.26953
2022-03-07,38413.73828,39654.80859,37192.66016,38394.69922
2022-03-06,38760.16016,39654.80859,38124.57812,38413.73828
2022-03-05,39166.30078,41679.94141,38624.71875,39408.46094
2022-03-04,42469.5,44004.46094,38656.01172,41605.91016
2022-03-03,43937.07812,44064.08984,41811.0,42469.5
2022-03-02,44435.57031,45271.87891,43402.62891,43937.07812
2022-03-01,43233.83984,44975.0,42889.57031,44435.57031
2022-02-28,37720.10938,44180.78125,37463.05078,43233.83984
2022-02-27,39107.55078,39837.80078,37040.82031,37720.10938
2022-02-26,39216.21094,40092.30078,38657.64844,39107.55078
2022-02-25,38370.64844,39701.76172,38049.64844,39216.21094
2022-02-24,37239.37109,39359.41016,34342.03906,38370.64844
2022-02-23,38255.57812,39214.08984,37094.46875,37239.37109
2022-02-22,37029.35156,38437.26953,36394.21875,38255.57812
2022-02-21,38378.21875,39447.39844,36894.12891,37029.35156
2022-02-20,40116.60156,40137.16016,38042.26953,38378.21875
2022-02-19,40016.64844,40452.66016,39666.62891,40116.60156
2022-02-18,40556.41016,40962.48047,39464.60938,40016.64844
2022-02-17,43888.55078,44192.0,40136.64062,40556.41016
2022-02-16,44524.71875,44565.44141,43386.10938,43888.55078
2022-02-15,42580.78125,44740.01172,42468.42188,44524.71875
2022-02-14,42046.57031,42824.55078,41610.67969,42580.78125
2022-02-13,42228.94141,42738.48047,41885.60938,42046.57031
2022-02-12,42387.0,43022.17188,41775.23047,42228.94141
2022-02-11,43531.91016,43950.73047,42029.08984,42387.0
2022-02-10,44413.98047,45758.51953,43285.67188,43531.91016
2022-02-09,44065.67188,44843.66016,43200.0,44413.98047
2022-02-08,43874.94141,44900.69922,42761.46875,44065.67188
2022-02-07,42426.89844,44456.23047,41685.64844,43794.01172
2022-02-06,41452.14062,42602.67969,41170.92188,42426.89844
2022-02-05,41576.26172,41921.67969,40955.39844,41452.14062
2022-02-04,37283.69141,41709.92969,37064.05078,41576.26172
2022-02-03,36926.46875,37283.69141,36301.64844,37283.69141
2022-02-02,38735.58984,38871.87109,36655.82812,36926.46875
2022-02-01,38490.53906,39227.35156,38057.10156,38725.0
2022-01-31,37938.10156,38730.87891,36681.12109,38525.19141
2022-01-30,38171.23047,38330.83984,37402.46875,37913.53906
2022-01-29,37746.17188,38721.46094,37345.39062,38171.23047
2022-01-28,37206.30078,38010.05859,36182.42969,37770.32031
2022-01-27,36822.39062,37225.91016,35559.41016,37095.64844
2022-01-26,36979.98828,38911.69141,36315.35938,36822.39062
2022-01-25,36704.83984,37543.42969,35726.03125,36979.98828
2022-01-24,36275.28906,37487.92969,32951.62891,36704.83984
2022-01-23,35066.42969,36530.69922,34650.0,36286.76172
2022-01-22,36456.94141,36824.83984,34064.69141,35077.19141
2022-01-21,40670.94922,41114.37891,35441.53906,36468.30859
2022-01-20,41668.37891,43506.19922,40560.01172,40699.07812
2022-01-19,42372.14844,42578.07031,41150.0,41671.64844
2022-01-18,42218.01172,42682.64844,41288.87891,42369.82031
2022-01-17,43104.35156,43199.91016,41568.76172,42216.80078
2022-01-16,43098.19922,43492.07812,42610.44922,43099.76172
2022-01-15,43089.08984,43809.28125,42579.42969,43087.21094
2022-01-14,42581.64844,43462.78906,41766.66016,43090.78125
2022-01-13,43913.5,44446.80859,42333.0,42584.98828
2022-01-12,42752.01953,44314.14844,42461.32812,43921.80859
2022-01-11,41822.92188,43129.10938,41283.57031,42754.26953
2022-01-10,41862.78906,42250.0,39650.01172,41833.37891
2022-01-09,41684.83984,42793.0,41212.69141,41860.98828
2022-01-08,41561.23047,42316.28125,40527.55859,41684.83984
2022-01-07,43084.76172,43138.39062,40672.23828,41557.62109
2022-01-06,43446.33984,43772.01953,42432.98828,43084.92188
2022-01-05,45811.16016,47054.82812,42500.0,43437.66016
2022-01-04,46459.57031,47517.35156,45550.98828,45815.32812
2022-01-03,47304.21875,47578.96094,45716.5,46439.19141
2022-01-02,47730.0,47966.16016,46695.33984,47305.01172
2022-01-01,46211.19922,47963.28906,46211.19922,47735.12891
2021-12-31,47122.08984,48574.03125,45655.42969,46197.60938
2021-12-30,46471.23828,47917.25,45984.87109,47122.07812
2021-12-29,47536.46875,48148.03906,46103.96875,46471.32031
2021-12-28,50717.76953,50717.76953,47315.26953,47534.07031
2021-12-27,50807.57812,52084.0,50480.01172,50717.82031
2021-12-26,50431.07812,51289.64844,49494.55078,50790.10156
2021-12-25,50844.69141,51161.57031,50204.35156,50428.07031
2021-12-24,50833.76172,51867.98047,50465.83984,50840.60938
2021-12-23,48608.44922,51394.57812,48055.35156,50817.67188
2021-12-22,48907.01172,49574.35156,48450.01172,48608.62109
2021-12-21,46925.08984,49332.83984,46652.92188,48915.01172
2021-12-20,46687.19141,47544.94141,45572.42188,46925.07812
2021-12-19,46857.5,48291.39062,46447.01172,46692.39844
2021-12-18,46166.5,47368.73047,45522.62891,46854.87891
2021-12-17,47634.21875,48000.0,45494.80859,46171.87891
2021-12-16,48878.85156,49444.83984,47527.0,47634.44141
2021-12-15,48367.42969,49499.66016,46568.94922,48877.17969
2021-12-14,46731.32031,48672.82812,46317.69922,48375.89844
2021-12-13,50089.64062,50218.42188,45788.16016,46706.08984
2021-12-12,49407.75,50813.60156,48671.32031,50101.37891
2021-12-11,47181.92969,49515.48047,46805.10938,49391.67188
2021-12-10,47568.42969,50101.10156,46933.55859,47174.73047
2021-12-09,50520.14844,50830.82812,47325.91016,47577.94922
2021-12-08,50627.76953,51238.71875,48674.73828,50511.39844
2021-12-07,50529.55859,51976.17969,50069.07812,50625.01172
2021-12-06,49488.28906,50989.92188,47202.19141,50544.10938
2021-12-05,49256.23047,49783.0,47840.83984,49483.75
2021-12-04,53655.16016,53876.07812,42720.44141,49266.12109
2021-12-03,56521.21875,57660.01172,51776.03906,53699.82031
2021-12-02,57221.98047,57421.03906,55845.0,56521.46094
2021-12-01,56981.37891,59112.94141,56480.39062,57221.17969
2021-11-30,57838.05859,59244.98828,55921.69141,56949.67188
2021-11-29,57311.82031,58900.0,56749.75,57838.05859
2021-11-28,54758.75,57475.92188,53333.0,57321.91016
2021-11-27,53757.66016,55314.39062,53644.89844,54763.5
2021-11-26,58998.98828,59194.0,53534.42969,53794.28125
2021-11-25,57162.64844,59444.44141,57046.17969,58984.23047
2021-11-24,57569.83984,57602.44922,55900.21094,57158.58984
2021-11-23,56283.32031,57882.10938,55413.66016,57548.44922
2021-11-22,58731.32812,59369.48828,55661.32031,56287.48828
2021-11-21,59760.76172,60057.75,58545.73047,58659.78906
2021-11-20,58122.16016,59900.0,57427.69922,59760.76953
2021-11-19,56898.0,58410.05078,55639.73047,58119.73047
2021-11-18,60350.60156,60965.03125,56520.21094,56912.44141
2021-11-17,60106.89844,60824.37891,58448.26172,60345.23828
2021-11-16,63624.58984,63624.58984,58692.48828,60103.21094
2021-11-15,65509.46094,66338.5,63437.28906,63629.17969
2021-11-14,64400.01172,65509.44922,63612.46094,65505.01953
2021-11-13,64144.42188,64970.55859,63394.17188,64403.21094
2021-11-12,64807.73047,65475.0,62300.01953,64147.89844
2021-11-11,64912.19922,65599.99219,64134.23828,64840.83984
2021-11-10,66944.67188,68997.75781,62800.0,64953.80859
2021-11-09,67557.84375,68549.97656,66277.85938,66942.15625
2021-11-08,63309.12891,67786.79688,63309.12891,67556.99219
2021-11-07,61539.30078,63327.96094,61397.85938,63309.12109
2021-11-06,61006.14062,61595.0,60126.25,61539.30859
2021-11-05,61443.30078,62619.28125,60777.0,61010.87891
2021-11-04,62937.96094,63114.14062,60744.69141,61448.53125
2021-11-03,63258.73047,63560.94922,60211.42969,62931.17969
2021-11-02,60949.53906,64296.89844,60678.69922,63261.10938
2021-11-01,61349.92969,62500.0,59527.94922,60974.05078
2021-10-31,61892.41016,62424.19922,60019.14844,61345.10156
2021-10-30,62275.71094,62371.21094,60767.12109,61886.94141
2021-10-29,60598.69141,62970.35938,60214.62109,62289.46875
2021-10-28,58455.46875,62375.80078,57970.87891,60608.16016
2021-10-27,60337.62109,61488.0,58111.28125,58451.26172
2021-10-26,63083.55078,63290.46094,59839.64844,60310.82031
2021-10-25,60850.85156,63724.10938,60655.35938,63079.35156
2021-10-24,61300.01953,61491.94922,59522.89062,60854.48047
2021-10-23,60687.64062,61750.0,59674.64062,61304.71875
2021-10-22,62194.53125,63717.85938,60006.14844,60696.71875
2021-10-21,66021.21094,66649.97656,62055.0,62233.44922
2021-10-20,64300.01172,66992.0,63542.48828,66037.90625
2021-10-19,62043.98828,64487.30859,61393.87891,64302.23047
2021-10-18,61532.96875,62643.03906,59933.48828,62039.28125
2021-10-17,60877.42188,61703.64844,59000.0,61529.96094
2021-10-16,61691.26953,62349.98828,60144.05078,60881.01172
2021-10-15,57356.23047,62875.42969,56875.92188,61695.12891
2021-10-14,57367.32031,58498.0,56864.46875,57356.46094
2021-10-13,56005.10156,57756.01953,54284.48828,57374.96875
2021-10-12,57487.44141,57657.94141,53945.98047,56005.07812
2021-10-11,54690.53125,57826.66016,54445.19922,57504.58984
2021-10-10,54978.0,56496.53125,54134.87891,54710.55859
2021-10-09,53963.53125,55483.5,53689.44141,54957.25
2021-10-08,53798.26172,56100.0,53641.78906,53955.87109
2021-10-07,55346.94141,55352.01953,53389.0,53796.19922
2021-10-06,51504.42969,55747.82031,50428.92969,55342.62891
2021-10-05,49245.51953,51906.23047,49059.07031,51487.94922
2021-10-04,48233.98828,49500.0,46916.69922,49235.33984
2021-10-03,47657.69141,49225.62109,47126.07812,48231.80859
2021-10-02,48165.75,48343.80078,47451.0,47662.42969
2021-10-01,43824.42969,48490.0,43289.03125,48166.23047
2021-09-30,41519.85938,44110.17188,41413.87891,43824.44141
2021-09-29,41026.07031,42596.58984,40782.33984,41517.10938
2021-09-28,42171.76172,42779.98828,40900.0,41042.82812
2021-09-27,43172.17188,44365.87891,42117.01172,42176.28906
2021-09-26,42705.51172,43933.42969,40803.0,43182.89062
2021-09-25,42840.73047,42992.23047,41693.42188,42706.19922
2021-09-24,44888.12891,45167.30859,40710.0,42840.71875
2021-09-23,43575.10156,44999.98828,43099.0,44897.60938
2021-09-22,40736.60156,44028.64062,40573.07812,43575.08984
2021-09-21,43012.96875,43625.94922,39606.42188,40727.89062
2021-09-20,47254.12109,47346.0,42504.0,43013.82031
2021-09-19,48313.01172,48379.19141,46865.89062,47251.60938
2021-09-18,47302.96875,48809.0,47053.85938,48314.55859
2021-09-17,47754.23047,48167.98828,46763.62109,47301.23047
2021-09-16,48144.03125,48499.98828,47039.69141,47753.16016
2021-09-15,47121.21875,48460.69141,46712.07031,48148.12109
2021-09-14,44947.71875,47273.37109,44718.01953,47130.89844
2021-09-13,46034.28906,46865.85938,43468.64062,44947.69141
2021-09-12,45171.82812,46439.62891,44755.0,46024.21875
2021-09-11,44851.44922,45987.96875,44730.28906,45169.64844
2021-09-10,46394.37891,47032.78906,44190.23047,44851.44922
2021-09-09,46059.94141,47397.85156,45548.80859,46390.05859
2021-09-08,46894.5,47377.19922,44444.0,46077.10938
2021-09-07,52698.80859,52931.21094,43036.0,46871.48047
2021-09-06,51789.14062,52785.35156,51026.87891,52699.67188
2021-09-05,49940.44141,51905.05078,49507.53906,51794.01172
2021-09-04,50025.0,50558.73828,49418.01953,49941.46875
2021-09-03,49279.37109,51051.16016,48355.69141,50025.0
2021-09-02,48839.85938,50385.39062,48627.23047,49273.51953
2021-09-01,47110.32812,49097.01953,46537.82812,48839.87891
2021-08-31,46993.71094,48249.98828,46710.10938,47120.01172
2021-08-30,48802.57812,48906.51172,46869.89844,46996.82031
2021-08-29,48942.94141,49662.82031,47809.19141,48802.57812
2021-08-28,49082.05078,49309.66016,48395.01172,48934.62109
2021-08-27,46851.46875,49176.33984,46366.62109,49085.37109
2021-08-26,48987.32812,49355.14062,46319.0,46846.55859
2021-08-25,47682.44141,49261.69141,47130.25,48991.01953
2021-08-24,49504.53125,49875.89844,47614.37109,47703.78125
2021-08-23,49284.37891,50505.0,49058.96875,49521.26953
2021-08-22,48867.01953,49525.0,48102.89062,49286.78906
2021-08-21,49342.39844,49819.32812,48297.07812,48872.41016
2021-08-20,46765.87109,49381.01953,46645.82812,49339.14062
2021-08-19,44709.10156,47038.10156,43977.0,46765.76172
2021-08-18,44671.57812,46033.92188,44220.01953,44703.51953
2021-08-17,45903.21094,47171.01953,44425.94922,44689.87109
2021-08-16,47014.48828,48067.98828,45676.92188,45918.0
2021-08-15,47109.64062,47385.51953,45531.05078,47013.19141
2021-08-14,47833.64062,48152.87891,46044.26953,47109.64844
2021-08-13,44428.41016,47902.96094,44250.75,47833.26172
2021-08-12,45537.64062,46223.94922,43788.82812,44426.69141
2021-08-11,45595.64844,46778.60938,45352.98828,45567.39062
2021-08-10,46280.0,46700.0,44663.51953,45595.66016
2021-08-09,43829.66016,46495.41016,42834.44922,46285.48828
2021-08-08,44626.0,45353.98828,43310.0,43836.80859
2021-08-07,42869.57812,44749.98047,42488.80078,44639.48828
2021-08-06,40888.73828,43389.82031,39886.55078,42869.60156
2021-08-05,39718.91016,41423.01172,37327.46094,40892.01953
2021-08-04,38184.01953,39956.87109,37517.0,39729.98828
2021-08-03,39149.64844,39780.0,37635.19141,38193.17188
2021-08-02,39859.19141,40459.67969,38690.01172,39153.92188
2021-08-01,41487.96875,42595.42969,39452.14062,39864.98047
2021-07-31,42224.87891,42395.62109,41065.82812,41488.44141
2021-07-30,40039.44141,42300.0,38354.80859,42241.14844
2021-07-29,40035.10156,40644.83984,39283.57812,40041.78125
2021-07-28,39482.28906,40910.03125,38815.32031,40020.21875
2021-07-27,37262.76953,39530.92969,36415.0,39488.78125
2021-07-26,35428.25,40558.05078,35259.35156,37253.28125
2021-07-25,34365.28906,35445.23047,33888.89062,35428.25
2021-07-24,33647.26172,34045.32031,33426.85938,33847.92188
2021-07-23,32290.38086,33642.60938,32011.13086,33642.60938
2021-07-22,32152.66992,32606.7207,31732.36914,32297.01953
2021-07-21,29796.88086,32804.33984,29510.0,32131.55078
2021-07-20,30842.03906,31046.78906,29307.50977,29787.10938
2021-07-19,31786.36914,31887.82031,30442.30078,30839.50977
2021-07-18,31527.25,32439.91992,31132.0,31788.25977
2021-07-17,31377.30078,31944.83008,31185.0,31533.91016
2021-07-16,31877.83984,32253.08984,31025.41992,31381.11914
2021-07-15,32816.39062,33185.01953,31134.57031,31850.88086
2021-07-14,32734.15039,33096.76953,31605.5,32817.19141
2021-07-13,33091.10156,33332.60938,32202.0,32737.01953
2021-07-12,34263.5,34646.98828,32667.50977,33103.39062
2021-07-11,33515.35156,34588.89844,33333.32812,34253.78125
2021-07-10,33828.71875,34251.0,33043.69922,33515.35156
2021-07-09,32834.66016,34099.98828,32267.34961,33824.26172
2021-07-08,33878.55859,33934.60938,32116.94922,32874.16016
2021-07-07,34225.73047,35067.83984,33805.32031,33883.0
2021-07-06,33697.78125,35040.44922,33613.42188,34229.82812
2021-07-05,35284.05859,35284.05859,33156.85938,33700.01172
2021-07-04,35501.21094,35951.0,35241.64062,35284.05859
2021-07-03,33805.01953,34953.07031,33375.01172,34730.17969
2021-07-02,33514.62109,33954.21875,32748.91992,33805.21875
2021-07-01,35060.0,35060.0,32793.67969,33528.87109
2021-06-30,35901.87891,36086.69141,34055.89062,35057.32031
2021-06-29,34493.21875,36555.69922,34246.10156,35910.51172
2021-06-28,34706.03125,35208.71094,33883.91016,34493.23047
2021-06-27,32275.5,34695.23828,32009.63086,34695.23828
2021-06-26,31590.5,32646.17969,30188.89062,32277.88086
2021-06-25,34653.17188,35490.16016,31300.0,31600.2793
2021-06-24,33688.51953,35239.39844,32301.43945,34655.67188
2021-06-23,32538.35938,34796.64062,31738.66992,33670.98047
2021-06-22,31610.60938,33323.73828,28862.2793,32517.16992
2021-06-21,35585.78906,35682.62891,31267.88086,31617.83984
2021-06-20,35484.78906,36046.57031,33376.80078,35585.78125
2021-06-19,35835.73047,36448.76953,34861.67188,35500.01172
2021-06-18,38095.17188,38187.03125,35224.48828,35817.33984
2021-06-17,38351.0,39525.21094,37425.07812,38084.16016
2021-06-16,40159.07031,40485.46094,38159.80078,38350.98828
2021-06-15,40540.48047,41308.35156,39601.60938,40162.39062
2021-06-14,39025.25,40981.08984,38762.73828,40530.67969
2021-06-13,35552.48047,39391.60938,34851.44922,39015.23828
2021-06-12,37338.44141,37415.51172,34724.98828,35546.71094
2021-06-11,36696.75,37659.82031,35970.0,37337.5
2021-06-10,37398.03125,38323.12891,35812.01172,36680.17188
2021-06-09,33402.14062,37548.25,32438.24023,37398.44922
2021-06-08,33575.91016,34022.41016,31076.41016,33404.05078
2021-06-07,35808.71094,36793.76172,33369.39062,33580.69141
2021-06-06,35539.48828,36461.60156,35280.83984,35804.03906
2021-06-05,36856.51953,37908.82812,34852.25,35539.80078
2021-06-04,39244.94141,39244.94141,35616.0,36863.58984
2021-06-03,37581.82812,39470.42188,37226.17188,39230.12891
2021-06-02,36684.98828,38229.92969,35967.46094,37575.0
2021-06-01,37276.23828,37914.92969,35728.01172,36685.0
2021-05-31,35640.30078,37507.25,34240.25,37276.41016
2021-05-30,34639.91016,36449.53125,33498.01172,35669.44141
2021-05-29,35680.48047,37213.92969,33656.32031,34618.73047
2021-05-28,38556.87109,38866.05078,34727.83984,35680.92188
2021-05-27,39293.23047,40398.28906,37215.83984,38524.03125
2021-05-26,38371.82031,40829.76172,37869.14062,39290.67188
2021-05-25,38878.55859,39832.19141,36542.73828,38361.82031
2021-05-24,34796.53125,39857.78906,34447.96094,38842.94922
2021-05-23,37493.37891,38275.0,31176.60938,34718.21875
2021-05-22,37333.10156,38829.96094,35429.0,37476.14844
2021-05-21,40613.69922,42199.71875,33537.94922,37342.60938
2021-05-20,36778.0,42570.0,35099.51172,40602.39844
2021-05-19,42857.14844,43583.76953,30288.16016,36721.16016
2021-05-18,43573.51953,45814.44922,42335.17969,42878.75
2021-05-17,46455.37109,46610.17188,42173.01172,43552.78125
2021-05-16,46775.80078,49770.16016,43919.92188,46440.67188
2021-05-15,47983.92188,48281.96875,46635.07031,46738.80859
